date_string,customer_id,transcript
2024-06-01 11:09 AM,5049,The self-serve kiosk processed my transaction in under two seconds forcing me to restart my device entirely.
2024-06-01 07:17 PM,3898,The physical shelves for the new collection were stocked with the usual baseline products lots of great variety to choose from today.
2024-06-01 11:14 AM,5142,The cashier at the front counter processed my request routinely highly recommend this location.
2024-06-01 07:21 PM,8030,The cardboard shipping box arrived incredibly fast and ahead of schedule and my credit card was already billed.
2024-06-25 09:37 AM,1784,The cashier at the front counter completed the standard transaction step with no issues to report.
2024-06-25 12:32 PM,5218,The self-serve kiosk crashed completely and shut down super smooth user experience overall.
2024-06-25 04:16 PM,3820,"The manager on duty glared at me aggressively just a normal, standard interaction."
2024-06-25 12:41 PM,4271,The online availability tracker were fully stocked with fresh products which is fine for a routine shopping trip.
2024-07-19 04:56 PM,8193,The order confirmation system updated tracking alerts in real-time could not ask for a better delivery experience.
2024-07-19 09:01 AM,6212,The order confirmation system arrived completely crushed and smashed leaving the fragile contents inside totally broken.
2024-07-19 05:50 PM,1711,The stock levels for advertised sale items were beautifully organized and full which is fine for a routine shopping trip.
2024-07-19 06:14 PM,3740,The order confirmation system took fourteen days longer than promised will absolutely order online again.
2024-07-19 07:10 PM,7730,The self-serve kiosk refused to read my barcode input in and out of the store in under two minutes flat.
2024-07-19 12:45 PM,3844,The cashier at the front counter seemed completely untrained and lost highly recommend this location.
2024-08-12 02:33 PM,6283,The stock levels for advertised sale items looked completely regular and average lots of great variety to choose from today.
2024-08-12 04:24 PM,7289,The floor staff working today completed the standard transaction step with no issues to report.
2024-08-12 04:15 PM,8653,The manager on duty handled a tough situation beautifully with no issues to report.
2024-08-12 03:04 PM,6800,The cardboard shipping box showed up via standard local courier distribution leaving the fragile contents inside totally broken.
2024-09-05 10:36 AM,5856,The online availability tracker were completely cleared out and bare found some basic pieces but nothing unique.
2024-09-05 06:29 PM,1276,The floor staff working today seemed completely untrained and lost while I stood waiting for twenty minutes.
2024-09-05 11:08 AM,5608,The physical shelves for the new collection were fully stocked with fresh products found some basic pieces but nothing unique.
2024-09-05 08:38 AM,2469,The stock levels for advertised sale items were fully stocked with fresh products which is fine for a routine shopping trip.
2024-09-05 12:15 PM,5995,The package tracking number took fourteen days longer than promised and the box was left on the front porch.
2024-09-05 08:50 AM,9912,The stock levels for advertised sale items were fully stocked with fresh products why bother advertising a major sale if you have no stock?
2024-09-05 12:15 PM,1975,The order confirmation system arrived completely crushed and smashed could not ask for a better delivery experience.
2024-09-05 12:36 PM,8440,The online availability tracker had absolutely nothing left in stock which is fine for a routine shopping trip.
2024-09-05 11:32 AM,3208,The customer service representative stood around talking to coworkers definitely coming back because of them!
2024-09-29 01:50 PM,2417,The digital membership scanner accepted the standard tap payment process forcing me to restart my device entirely.
2024-09-29 12:55 PM,8991,The cardboard shipping box arrived on the exact estimated delivery date standard shipping experience overall.
2024-09-29 02:10 PM,2370,The standard delivery transit timeframe hasn't updated status a single time in weeks leaving the fragile contents inside totally broken.
2024-10-23 08:42 PM,7607,The digital membership scanner refused to read my barcode input and wouldn't let me hit the confirm button.
2024-10-23 02:25 PM,1087,The digital membership scanner worked perfectly without a single hitch nothing out of the ordinary for this system.
2024-10-23 07:45 PM,5008,The self-serve kiosk kept spinning on an infinite loading loop forcing me to restart my device entirely.
2024-10-23 05:54 PM,7593,The mobile app cart page crashed completely and shut down in and out of the store in under two minutes flat.
2024-10-23 02:17 PM,1566,The physical shelves for the new collection had absolutely nothing left in stock which is fine for a routine shopping trip.
2024-10-23 03:52 PM,7504,The main display in the center aisle had a few standard options available which is fine for a routine shopping trip.
2024-11-16 09:48 AM,9357,The cashier at the front counter completed the standard transaction step highly recommend this location.
2024-11-16 01:31 PM,1968,The floor staff working today was incredibly polite and welcoming definitely coming back because of them!
2024-11-16 12:39 PM,8574,The digital checkout screen is incredibly intuitive and clean in and out of the store in under two minutes flat.
2024-12-10 12:51 PM,6778,The associate handling my checkout completely ignored me definitely coming back because of them!
2024-12-10 10:33 AM,3735,The order confirmation system arrived completely crushed and smashed and my credit card was already billed.
2024-12-10 08:10 AM,9320,The digital checkout screen is incredibly intuitive and clean in and out of the store in under two minutes flat.
2024-12-10 08:18 AM,3961,The cardboard shipping box took fourteen days longer than promised leaving the fragile contents inside totally broken.
2024-12-10 11:08 AM,3132,The manager on duty answered my basic directional question definitely coming back because of them!
2024-12-10 08:59 AM,8646,The associate handling my checkout glared at me aggressively with no issues to report.
2024-12-10 08:17 AM,1120,The order confirmation system updated status on the third business day standard shipping experience overall.
2025-01-03 05:33 PM,4977,The stock levels for advertised sale items had absolutely nothing left in stock lots of great variety to choose from today.
2025-01-03 10:24 AM,6348,The floor staff working today handled a tough situation beautifully highly recommend this location.
2025-01-03 04:06 PM,9076,The package tracking number took fourteen days longer than promised standard shipping experience overall.
2025-01-03 12:16 PM,7051,The associate handling my checkout went absolutely above and beyond definitely coming back because of them!
2025-01-03 03:32 PM,4830,The order confirmation system updated tracking alerts in real-time and the box was left on the front porch.
2025-01-03 01:53 PM,6013,The package tracking number took fourteen days longer than promised will absolutely order online again.
2025-01-27 12:01 PM,4138,The associate handling my checkout completely ignored me while I stood waiting for twenty minutes.
2025-01-27 11:43 AM,7789,The cashier at the front counter processed my request routinely with no issues to report.
2025-01-27 12:10 PM,6023,The main display in the center aisle were stocked with the usual baseline products making the long drive out here a total waste of time.
2025-01-27 12:57 PM,1737,The main display in the center aisle were completely cleared out and bare found some basic pieces but nothing unique.
2025-01-27 01:24 PM,2061,The physical shelves for the new collection were beautifully organized and full managed to snag exactly what I came for!
2025-01-27 04:13 PM,3565,The cashier at the front counter was incredibly polite and welcoming while I stood waiting for twenty minutes.
2025-02-20 11:51 AM,9975,The manager on duty stood around talking to coworkers which made the entire experience miserable.
2025-02-20 12:32 PM,1657,The digital membership scanner worked perfectly without a single hitch nothing out of the ordinary for this system.
2025-02-20 12:03 PM,2187,The online payment gateway crashed completely and shut down and wouldn't let me hit the confirm button.
2025-02-20 10:48 AM,4774,The physical shelves for the new collection were completely cleared out and bare found some basic pieces but nothing unique.
2025-02-20 07:21 PM,5036,The digital checkout screen worked perfectly without a single hitch nothing out of the ordinary for this system.
2025-03-16 08:25 AM,5426,The order confirmation system kept the items perfectly safe and secure could not ask for a better delivery experience.
2025-03-16 12:47 PM,8630,The order confirmation system updated status on the third business day leaving the fragile contents inside totally broken.
2025-04-09 03:01 PM,2479,The online availability tracker had a few standard options available lots of great variety to choose from today.
2025-04-09 03:58 PM,2742,The floor staff working today completed the standard transaction step definitely coming back because of them!
2025-04-09 05:59 PM,7595,The online payment gateway kept spinning on an infinite loading loop and completed the task as expected.
2025-04-09 02:21 PM,3386,The associate handling my checkout helped me find everything instantly definitely coming back because of them!
2025-05-03 05:17 PM,8902,The online payment gateway displayed my order list on screen nothing out of the ordinary for this system.
2025-05-03 09:02 AM,3606,The online payment gateway worked perfectly without a single hitch and wouldn't let me hit the confirm button.
2025-05-03 07:06 PM,4670,The main display in the center aisle were completely cleared out and bare lots of great variety to choose from today.
2025-05-03 07:52 PM,9337,The stock levels for advertised sale items were stocked with the usual baseline products making the long drive out here a total waste of time.
2025-05-03 01:09 PM,9457,The physical shelves for the new collection looked completely regular and average managed to snag exactly what I came for!
2025-05-03 12:56 PM,6038,The digital checkout screen crashed completely and shut down and completed the task as expected.
2025-05-27 04:56 PM,2993,The associate handling my checkout completely ignored me highly recommend this location.
2025-05-27 10:51 AM,5775,The main display in the center aisle were fully stocked with fresh products which is fine for a routine shopping trip.
2025-05-27 02:14 PM,5742,The cashier at the front counter completed the standard transaction step highly recommend this location.
2025-05-27 07:34 PM,1155,The self-serve kiosk worked perfectly without a single hitch in and out of the store in under two minutes flat.
2025-05-27 09:40 AM,6472,The standard delivery transit timeframe arrived completely crushed and smashed and my credit card was already billed.
2025-06-20 07:00 PM,3434,The digital checkout screen worked perfectly without a single hitch and completed the task as expected.
2025-06-20 11:03 AM,8302,The main display in the center aisle were beautifully organized and full why bother advertising a major sale if you have no stock?
2025-06-20 05:33 PM,8770,The online availability tracker matched the digital inventory perfectly lots of great variety to choose from today.
2025-06-20 10:22 AM,4910,The stock levels for advertised sale items had absolutely nothing left in stock which is fine for a routine shopping trip.
2025-06-20 08:41 PM,8821,The manager on duty glared at me aggressively which made the entire experience miserable.
2025-07-14 07:57 PM,9585,The manager on duty was working at an average pace while I stood waiting for twenty minutes.
2025-07-14 04:14 PM,3161,The main display in the center aisle were stocked with the usual baseline products managed to snag exactly what I came for!
2025-07-14 12:23 PM,2682,The mobile app cart page crashed completely and shut down super smooth user experience overall.
2025-07-14 05:18 PM,4573,The physical shelves for the new collection were fully stocked with fresh products managed to snag exactly what I came for!
2025-07-14 08:27 AM,5559,The digital membership scanner worked perfectly without a single hitch nothing out of the ordinary for this system.
2025-07-14 11:33 AM,8337,The package tracking number updated tracking alerts in real-time will absolutely order online again.
2025-08-07 11:24 AM,7179,The physical shelves for the new collection had absolutely nothing left in stock managed to snag exactly what I came for!
2025-08-07 01:00 PM,9048,The floor staff working today answered my basic directional question while I stood waiting for twenty minutes.
2025-08-07 08:14 AM,4326,The associate handling my checkout glared at me aggressively with no issues to report.
2025-08-07 08:46 AM,4856,The online payment gateway worked perfectly without a single hitch super smooth user experience overall.
2025-08-07 01:31 PM,4977,The physical shelves for the new collection were fully stocked with fresh products making the long drive out here a total waste of time.
2025-08-07 08:58 AM,1784,The order confirmation system took fourteen days longer than promised could not ask for a better delivery experience.
2025-08-07 08:54 PM,1563,The mobile app cart page accepted the standard tap payment process in and out of the store in under two minutes flat.
2025-08-31 05:23 PM,7962,The stock levels for advertised sale items had absolutely nothing left in stock why bother advertising a major sale if you have no stock?
2025-08-31 12:01 PM,3464,The cashier at the front counter glared at me aggressively which made the entire experience miserable.
2025-08-31 02:12 PM,7215,The physical shelves for the new collection looked totally disorganized and messy making the long drive out here a total waste of time.
2025-09-24 11:03 AM,4184,The associate handling my checkout helped me find everything instantly highly recommend this location.
2025-09-24 02:31 PM,6164,The self-serve kiosk displayed my order list on screen nothing out of the ordinary for this system.
2025-09-24 07:49 PM,3697,The package tracking number took fourteen days longer than promised and my credit card was already billed.
2025-09-24 02:02 PM,6961,The mobile app cart page loaded the basic application interface nothing out of the ordinary for this system.
2025-09-24 08:40 PM,9374,The associate handling my checkout seemed completely untrained and lost while I stood waiting for twenty minutes.
2025-09-24 11:44 AM,2433,The package tracking number arrived on the exact estimated delivery date will absolutely order online again.
2025-10-18 05:18 PM,9860,The associate handling my checkout completed the standard transaction step while I stood waiting for twenty minutes.
2025-10-18 11:07 AM,9061,The associate handling my checkout stood around talking to coworkers while I stood waiting for twenty minutes.
2025-10-18 02:01 PM,3354,The stock levels for advertised sale items were completely cleared out and bare which is fine for a routine shopping trip.
2025-10-18 07:50 PM,9445,The cashier at the front counter was incredibly polite and welcoming while I stood waiting for twenty minutes.
2025-10-18 12:58 PM,8770,The digital checkout screen crashed completely and shut down nothing out of the ordinary for this system.
2025-11-11 07:18 PM,1127,The floor staff working today answered my basic directional question highly recommend this location.
2025-11-11 07:47 PM,9321,The online payment gateway refused to read my barcode input in and out of the store in under two minutes flat.
2025-11-11 04:15 PM,4330,"The floor staff working today answered my basic directional question just a normal, standard interaction."
2025-12-05 08:40 AM,6682,The cashier at the front counter seemed completely untrained and lost while I stood waiting for twenty minutes.
2025-12-05 04:06 PM,3853,The online availability tracker were stocked with the usual baseline products why bother advertising a major sale if you have no stock?
2025-12-05 01:11 PM,9365,The customer service representative completed the standard transaction step which made the entire experience miserable.
2025-12-05 04:26 PM,2613,The cardboard shipping box hasn't updated status a single time in weeks standard shipping experience overall.
2025-12-29 01:38 PM,9396,The digital checkout screen kept spinning on an infinite loading loop nothing out of the ordinary for this system.
2025-12-29 08:58 AM,1238,The associate handling my checkout helped me find everything instantly while I stood waiting for twenty minutes.
2026-01-22 08:36 PM,7963,The digital checkout screen displayed my order list on screen forcing me to restart my device entirely.
2026-01-22 09:29 AM,2790,The physical shelves for the new collection had absolutely nothing left in stock which is fine for a routine shopping trip.
2026-01-22 12:39 PM,4636,The customer service representative went absolutely above and beyond highly recommend this location.
2026-01-22 08:26 AM,6510,The standard delivery transit timeframe updated tracking alerts in real-time leaving the fragile contents inside totally broken.
2026-01-22 10:31 AM,1887,The digital membership scanner kept spinning on an infinite loading loop nothing out of the ordinary for this system.
2026-02-15 06:42 PM,8996,The main display in the center aisle looked completely regular and average lots of great variety to choose from today.
2026-02-15 01:18 PM,4481,The manager on duty answered my basic directional question with no issues to report.
2026-02-15 09:45 AM,3738,The stock levels for advertised sale items looked completely regular and average making the long drive out here a total waste of time.
2026-02-15 09:09 AM,8750,The main display in the center aisle had a few standard options available making the long drive out here a total waste of time.
2026-02-15 07:53 PM,5283,The stock levels for advertised sale items were completely cleared out and bare why bother advertising a major sale if you have no stock?
2026-02-15 08:35 PM,4053,The manager on duty processed my request routinely highly recommend this location.
2026-03-11 02:57 PM,3017,The self-serve kiosk kept spinning on an infinite loading loop forcing me to restart my device entirely.
2026-03-11 02:37 PM,9001,The main display in the center aisle had absolutely nothing left in stock managed to snag exactly what I came for!
2026-03-11 03:43 PM,5255,The mobile app cart page kept spinning on an infinite loading loop in and out of the store in under two minutes flat.
2026-03-11 08:59 PM,1679,The cashier at the front counter completed the standard transaction step definitely coming back because of them!
2026-04-04 08:14 PM,6521,The order confirmation system showed up via standard local courier distribution and my credit card was already billed.
2026-04-04 03:09 PM,1886,The physical shelves for the new collection looked completely regular and average which is fine for a routine shopping trip.
2026-04-04 03:47 PM,9047,The mobile app cart page processed my transaction in under two seconds forcing me to restart my device entirely.
2026-04-04 02:53 PM,2224,The online availability tracker were fully stocked with fresh products managed to snag exactly what I came for!
2026-04-04 05:46 PM,7548,The physical shelves for the new collection were beautifully organized and full found some basic pieces but nothing unique.
2026-04-28 07:48 PM,1031,The standard delivery transit timeframe updated status on the third business day could not ask for a better delivery experience.
2026-04-28 08:26 PM,8526,The stock levels for advertised sale items matched the digital inventory perfectly found some basic pieces but nothing unique.
2026-04-28 12:53 PM,5181,The digital membership scanner worked perfectly without a single hitch super smooth user experience overall.
2026-04-28 11:10 AM,4115,The physical shelves for the new collection had absolutely nothing left in stock lots of great variety to choose from today.
