timestamp,handle,customer_id,tweet_text
2026-05-01 09:26:00,@user_5014,8562,The tracking status confirmation update followed the exact standard shipping path and arrived safely on my doorstep.
2026-05-01 09:39:00,@user_6183,8485,The frontline staff handling requests provided completely contradictory information which cleared up my primary concerns.
2026-05-01 19:21:00,@user_5520,9338,The international transit route log indicated a minor delay in transit and arrived safely on my doorstep.
2026-05-01 08:28:00,@user_7940,3294,The secure password reset interface displayed a completely generic system error which forced me to close out the window.
2026-05-01 11:57:00,@user_9306,1893,The protective cardboard packing layout routed the parcel to the wrong sorting facility meaning it got here right on time.
2026-05-01 15:38:00,@user_8166,8693,The secure password reset interface displayed a completely generic system error leading to a completely frictionless experience.
2026-05-02 16:44:00,@user_8667,8360,The representative on the phone followed standard corporate verification protocols leaving no room for further complaints.
2026-05-02 10:10:00,@user_7017,1022,The automated chat assistant sent the verification code instantly which forced me to close out the window.
2026-05-02 16:04:00,@user_9402,4366,The local delivery courier alert system shipped out ahead of the projected window forcing me to file a missing package claim.
2026-05-03 14:54:00,@user_5870,8198,The catalog for promotional clearance items omitted critical product measurements making the selection process highly efficient.
2026-05-03 15:13:00,@user_9671,1721,The protective cardboard packing layout indicated a minor delay in transit and arrived safely on my doorstep.
2026-05-03 09:37:00,@user_6630,5366,The catalog for promotional clearance items refreshed every few seconds dynamically making the selection process highly efficient.
2026-05-03 10:09:00,@user_2039,3633,The physical display in the main section contained an immense variety of options allowing me to make an informed choice.
2026-05-03 16:10:00,@user_4670,8796,The catalog for promotional clearance items refreshed every few seconds dynamically which was incredibly misleading to look at.
2026-05-04 19:51:00,@user_7006,8697,The fulfillment center dispatch timetable arrived securely sealed and perfectly intact and arrived safely on my doorstep.
2026-05-04 12:39:00,@user_5389,6643,The representative on the phone addressed the account inquiry directly which cleared up my primary concerns.
2026-05-04 13:21:00,@user_3838,6918,The fulfillment center dispatch timetable routed the parcel to the wrong sorting facility forcing me to file a missing package claim.
2026-05-04 12:16:00,@user_6246,8710,The secure password reset interface froze midway through the save process which forced me to close out the window.
2026-05-04 18:43:00,@user_2323,2925,The international transit route log shipped out ahead of the projected window keeping the entire delivery timeline predictable.
2026-05-04 12:09:00,@user_4516,8945,The automated chat assistant loaded cleanly on the very first try which forced me to close out the window.
2026-05-04 18:18:00,@user_4915,5608,The physical display in the main section listed standard pricing without the discount allowing me to make an informed choice.
2026-05-05 08:50:00,@user_1803,9281,The representative on the phone walked me through the setup step-by-step and resolved the issue right then and there.
2026-05-05 10:26:00,@user_9948,3753,The digital invoice generator froze midway through the save process which is typical for this application framework.
2026-05-05 12:07:00,@user_1853,7025,The automated chat assistant froze midway through the save process without causing any further delays.
2026-05-05 14:42:00,@user_6367,2982,The secure password reset interface loaded cleanly on the very first try which forced me to close out the window.
2026-05-05 13:02:00,@user_9129,8866,The catalog for promotional clearance items contained an immense variety of options making the selection process highly efficient.
2026-05-05 15:28:00,@user_2233,7399,The digital invoice generator loaded cleanly on the very first try which is typical for this application framework.
2026-05-05 19:56:00,@user_6499,8282,The frontline staff handling requests seemed completely distracted by their phone and resolved the issue right then and there.
2026-05-05 08:51:00,@user_3324,4561,The automated chat assistant displayed a completely generic system error leading to a completely frictionless experience.
2026-05-06 14:02:00,@user_1886,8067,The physical display in the main section was completely up to date which was incredibly misleading to look at.
2026-05-06 20:40:00,@user_2432,8551,The local delivery courier alert system routed the parcel to the wrong sorting facility keeping the entire delivery timeline predictable.
2026-05-06 14:59:00,@user_9921,2549,The international transit route log indicated a minor delay in transit keeping the entire delivery timeline predictable.
2026-05-06 10:05:00,@user_2992,1950,The catalog for promotional clearance items refreshed every few seconds dynamically which was incredibly misleading to look at.
2026-05-06 14:27:00,@user_3478,7409,The item variations dropdown menu contained an immense variety of options leaving me completely unsure of what was ready.
2026-05-07 18:55:00,@user_1105,5303,The protective cardboard packing layout arrived securely sealed and perfectly intact which completely disrupted my schedule.
2026-05-07 09:33:00,@user_9243,7891,The protective cardboard packing layout indicated a minor delay in transit and arrived safely on my doorstep.
2026-05-07 18:46:00,@user_8028,2971,The team member at the service desk followed standard corporate verification protocols leaving no room for further complaints.
2026-05-07 17:11:00,@user_3678,9587,The secure password reset interface froze midway through the save process which forced me to close out the window.
2026-05-07 16:08:00,@user_9517,7201,The fulfillment center dispatch timetable followed the exact standard shipping path keeping the entire delivery timeline predictable.
2026-05-07 10:16:00,@user_3084,7131,The item variations dropdown menu contained an immense variety of options making the selection process highly efficient.
2026-05-07 20:23:00,@user_7685,3497,The item variations dropdown menu was completely up to date which was incredibly misleading to look at.
2026-05-08 12:23:00,@user_5618,4418,The fulfillment center dispatch timetable routed the parcel to the wrong sorting facility keeping the entire delivery timeline predictable.
2026-05-08 16:39:00,@user_7834,8057,The automated chat assistant operated exactly as it routinely does so I had to wait and try again later.
2026-05-08 09:18:00,@user_9480,7526,The team member at the service desk addressed the account inquiry directly leaving no room for further complaints.
2026-05-08 19:32:00,@user_3237,1911,The secure password reset interface rejected my credentials multiple times which forced me to close out the window.
2026-05-08 19:14:00,@user_6005,6905,The support team lead handled the request without a single hesitation making for a completely standard interaction.
2026-05-08 13:47:00,@user_9531,8072,The international transit route log followed the exact standard shipping path and arrived safely on my doorstep.
2026-05-08 20:13:00,@user_6356,9256,The stock levels displayed in the database was completely up to date giving a standard baseline of what was left.
2026-05-09 09:14:00,@user_6400,3363,The support team lead walked me through the setup step-by-step which was quite unexpected.
2026-05-09 19:26:00,@user_5776,8089,The support team lead provided completely contradictory information which cleared up my primary concerns.
2026-05-09 12:33:00,@user_6453,7999,The automated chat assistant displayed a completely generic system error which forced me to close out the window.
2026-05-10 09:25:00,@user_1973,7439,The protective cardboard packing layout indicated a minor delay in transit keeping the entire delivery timeline predictable.
2026-05-11 16:17:00,@user_6143,8418,The secure password reset interface loaded cleanly on the very first try which is typical for this application framework.
2026-05-11 14:16:00,@user_1614,7158,The frontline staff handling requests provided completely contradictory information and left me feeling completely confused.
2026-05-11 09:55:00,@user_6067,3900,The tracking status confirmation update followed the exact standard shipping path and arrived safely on my doorstep.
2026-05-11 19:55:00,@user_5696,6824,The pre-order availability list omitted critical product measurements making the selection process highly efficient.
2026-05-12 20:58:00,@user_2936,3855,The pre-order availability list was completely up to date giving a standard baseline of what was left.
2026-05-12 09:28:00,@user_3394,5187,The tracking status confirmation update followed the exact standard shipping path meaning it got here right on time.
2026-05-12 14:12:00,@user_6389,1669,The protective cardboard packing layout followed the exact standard shipping path forcing me to file a missing package claim.
2026-05-12 11:30:00,@user_7409,6080,The pre-order availability list was completely up to date allowing me to make an informed choice.
2026-05-12 12:12:00,@user_6106,5869,The shift supervisor on duty followed standard corporate verification protocols which cleared up my primary concerns.
2026-05-12 14:32:00,@user_1298,2706,The protective cardboard packing layout followed the exact standard shipping path which completely disrupted my schedule.
2026-05-13 09:35:00,@user_8031,5245,The representative on the phone handled the request without a single hesitation and resolved the issue right then and there.
2026-05-13 16:53:00,@user_4452,6072,The digital invoice generator loaded cleanly on the very first try without causing any further delays.
2026-05-13 10:56:00,@user_8066,7007,The user account dashboard sent the verification code instantly so I had to wait and try again later.
2026-05-13 15:04:00,@user_8550,1086,The team member at the service desk handled the request without a single hesitation and left me feeling completely confused.
2026-05-13 09:48:00,@user_2315,9151,The automated chat assistant froze midway through the save process which forced me to close out the window.
2026-05-13 09:15:00,@user_1606,5538,The pre-order availability list contained an immense variety of options allowing me to make an informed choice.
2026-05-13 12:53:00,@user_5166,9065,The secure password reset interface operated exactly as it routinely does so I had to wait and try again later.
2026-05-14 14:23:00,@user_9754,2775,The digital invoice generator operated exactly as it routinely does leading to a completely frictionless experience.
2026-05-14 16:51:00,@user_6585,8291,The catalog for promotional clearance items refreshed every few seconds dynamically allowing me to make an informed choice.
2026-05-14 17:51:00,@user_6330,4795,The stock levels displayed in the database showed items that were long sold out which was incredibly misleading to look at.
2026-05-14 19:11:00,@user_1842,5696,The frontline staff handling requests handled the request without a single hesitation making for a completely standard interaction.
2026-05-14 12:01:00,@user_1857,2582,The mobile app login screen rejected my credentials multiple times which is typical for this application framework.
2026-05-14 10:41:00,@user_6333,2761,The representative on the phone provided completely contradictory information and left me feeling completely confused.
2026-05-15 11:41:00,@user_9978,3275,The user account dashboard sent the verification code instantly which is typical for this application framework.
2026-05-15 10:03:00,@user_6162,5006,The local delivery courier alert system shipped out ahead of the projected window keeping the entire delivery timeline predictable.
2026-05-15 11:51:00,@user_1055,8786,The secure password reset interface loaded cleanly on the very first try which is typical for this application framework.
2026-05-15 19:18:00,@user_1370,7740,The representative on the phone handled the request without a single hesitation and resolved the issue right then and there.
2026-05-15 16:26:00,@user_7417,2132,The frontline staff handling requests apologized profusely for the confusion leaving no room for further complaints.
2026-05-15 14:27:00,@user_7143,6079,The frontline staff handling requests seemed completely distracted by their phone and left me feeling completely confused.
2026-05-15 12:25:00,@user_2058,8869,The team member at the service desk provided completely contradictory information which was quite unexpected.
2026-05-15 17:50:00,@user_7400,9471,The catalog for promotional clearance items was completely up to date which was incredibly misleading to look at.
2026-05-15 15:32:00,@user_5360,6729,The pre-order availability list was completely up to date making the selection process highly efficient.
2026-05-15 11:08:00,@user_3863,1245,The shift supervisor on duty apologized profusely for the confusion and resolved the issue right then and there.
2026-05-16 11:26:00,@user_5524,3805,The automated chat assistant sent the verification code instantly without causing any further delays.
2026-05-16 20:59:00,@user_6256,4882,The team member at the service desk followed standard corporate verification protocols making for a completely standard interaction.
2026-05-16 09:20:00,@user_2898,1118,The frontline staff handling requests followed standard corporate verification protocols which cleared up my primary concerns.
2026-05-16 08:28:00,@user_7509,6877,The physical display in the main section listed standard pricing without the discount giving a standard baseline of what was left.
2026-05-17 08:10:00,@user_3680,6069,The user account dashboard froze midway through the save process leading to a completely frictionless experience.
2026-05-17 10:38:00,@user_7165,1122,The user account dashboard froze midway through the save process leading to a completely frictionless experience.
2026-05-17 11:44:00,@user_1478,5100,The item variations dropdown menu omitted critical product measurements allowing me to make an informed choice.
2026-05-17 16:35:00,@user_7922,5898,The team member at the service desk apologized profusely for the confusion making for a completely standard interaction.
2026-05-17 20:14:00,@user_3869,5917,The tracking status confirmation update routed the parcel to the wrong sorting facility and arrived safely on my doorstep.
2026-05-17 20:56:00,@user_5354,5110,The user account dashboard displayed a completely generic system error without causing any further delays.
2026-05-18 20:33:00,@user_7004,6628,The stock levels displayed in the database refreshed every few seconds dynamically allowing me to make an informed choice.
2026-05-18 10:43:00,@user_8627,4676,The fulfillment center dispatch timetable arrived securely sealed and perfectly intact forcing me to file a missing package claim.
2026-05-18 14:01:00,@user_8987,1326,The local delivery courier alert system shipped out ahead of the projected window forcing me to file a missing package claim.
2026-05-18 13:55:00,@user_1964,8988,The fulfillment center dispatch timetable arrived securely sealed and perfectly intact and arrived safely on my doorstep.
2026-05-18 10:04:00,@user_7660,6027,The secure password reset interface froze midway through the save process so I had to wait and try again later.
2026-05-18 16:43:00,@user_2465,2829,The tracking status confirmation update followed the exact standard shipping path and arrived safely on my doorstep.
2026-05-18 13:57:00,@user_3891,4022,The tracking status confirmation update followed the exact standard shipping path which completely disrupted my schedule.
2026-05-18 14:10:00,@user_3759,3743,The protective cardboard packing layout indicated a minor delay in transit forcing me to file a missing package claim.
2026-05-18 08:40:00,@user_9218,6963,The item variations dropdown menu was completely up to date giving a standard baseline of what was left.
2026-05-18 11:54:00,@user_9325,1208,The local delivery courier alert system routed the parcel to the wrong sorting facility keeping the entire delivery timeline predictable.
2026-05-18 11:56:00,@user_4750,9780,The fulfillment center dispatch timetable showed zero physical movement for three days which completely disrupted my schedule.
2026-05-18 15:10:00,@user_4800,4429,The digital invoice generator sent the verification code instantly which forced me to close out the window.
2026-05-18 12:51:00,@user_7714,5890,The tracking status confirmation update followed the exact standard shipping path keeping the entire delivery timeline predictable.
2026-05-18 09:05:00,@user_9446,9298,The tracking status confirmation update arrived securely sealed and perfectly intact which completely disrupted my schedule.
2026-05-18 14:24:00,@user_7924,9683,The frontline staff handling requests followed standard corporate verification protocols leaving no room for further complaints.
2026-05-18 08:39:00,@user_2787,2013,The fulfillment center dispatch timetable routed the parcel to the wrong sorting facility forcing me to file a missing package claim.
2026-05-18 19:09:00,@user_4655,1003,The local delivery courier alert system shipped out ahead of the projected window keeping the entire delivery timeline predictable.
2026-05-18 08:57:00,@user_3708,4848,The international transit route log routed the parcel to the wrong sorting facility meaning it got here right on time.
2026-05-18 09:54:00,@user_4652,6242,The tracking status confirmation update followed the exact standard shipping path and arrived safely on my doorstep.
2026-05-18 16:06:00,@user_2885,4529,The international transit route log shipped out ahead of the projected window meaning it got here right on time.
2026-05-18 09:38:00,@user_6836,6395,The international transit route log shipped out ahead of the projected window meaning it got here right on time.
2026-05-18 20:51:00,@user_6826,3409,The protective cardboard packing layout showed zero physical movement for three days meaning it got here right on time.
2026-05-18 18:13:00,@user_7955,9564,The item variations dropdown menu contained an immense variety of options giving a standard baseline of what was left.
2026-05-18 18:10:00,@user_3091,1111,The protective cardboard packing layout arrived securely sealed and perfectly intact keeping the entire delivery timeline predictable.
2026-05-18 12:29:00,@user_9348,1315,The local delivery courier alert system routed the parcel to the wrong sorting facility meaning it got here right on time.
2026-05-18 08:08:00,@user_6329,2264,The international transit route log indicated a minor delay in transit which completely disrupted my schedule.
2026-05-18 19:26:00,@user_8346,6291,The international transit route log showed zero physical movement for three days keeping the entire delivery timeline predictable.
2026-05-18 09:14:00,@user_6026,1142,The fulfillment center dispatch timetable followed the exact standard shipping path and arrived safely on my doorstep.
2026-05-18 09:31:00,@user_8843,2316,The international transit route log indicated a minor delay in transit forcing me to file a missing package claim.
2026-05-18 11:37:00,@user_3660,4378,The local delivery courier alert system followed the exact standard shipping path forcing me to file a missing package claim.
2026-05-19 15:32:00,@user_8797,1627,The pre-order availability list refreshed every few seconds dynamically leaving me completely unsure of what was ready.
2026-05-19 17:03:00,@user_8382,6273,The mobile app login screen rejected my credentials multiple times so I had to wait and try again later.
2026-05-19 16:52:00,@user_3047,7803,The mobile app login screen loaded cleanly on the very first try which is typical for this application framework.
2026-05-19 18:22:00,@user_4709,9309,The team member at the service desk followed standard corporate verification protocols making for a completely standard interaction.
2026-05-19 08:49:00,@user_6680,8604,The automated chat assistant loaded cleanly on the very first try without causing any further delays.
2026-05-19 10:22:00,@user_8066,9507,The tracking status confirmation update followed the exact standard shipping path keeping the entire delivery timeline predictable.
2026-05-20 16:15:00,@user_6351,8162,The mobile app login screen sent the verification code instantly which is typical for this application framework.
2026-05-20 15:58:00,@user_8590,4682,The stock levels displayed in the database listed standard pricing without the discount leaving me completely unsure of what was ready.
2026-05-21 15:54:00,@user_3981,1269,The frontline staff handling requests provided completely contradictory information and left me feeling completely confused.
2026-05-21 12:28:00,@user_6394,2681,The secure password reset interface loaded cleanly on the very first try leading to a completely frictionless experience.
2026-05-21 20:38:00,@user_1686,9598,The protective cardboard packing layout arrived securely sealed and perfectly intact and arrived safely on my doorstep.
2026-05-21 19:06:00,@user_8465,9867,The stock levels displayed in the database contained an immense variety of options leaving me completely unsure of what was ready.
2026-05-21 11:11:00,@user_4199,1576,The automated chat assistant loaded cleanly on the very first try leading to a completely frictionless experience.
2026-05-22 19:21:00,@user_2989,6754,The shift supervisor on duty apologized profusely for the confusion making for a completely standard interaction.
2026-05-23 14:20:00,@user_5566,6055,The international transit route log routed the parcel to the wrong sorting facility keeping the entire delivery timeline predictable.
2026-05-23 10:29:00,@user_3286,7984,The tracking status confirmation update shipped out ahead of the projected window which completely disrupted my schedule.
2026-05-23 18:45:00,@user_6400,4731,The international transit route log followed the exact standard shipping path meaning it got here right on time.
2026-05-23 18:24:00,@user_4924,2221,The fulfillment center dispatch timetable routed the parcel to the wrong sorting facility meaning it got here right on time.
2026-05-23 11:23:00,@user_9725,1968,The tracking status confirmation update indicated a minor delay in transit and arrived safely on my doorstep.
2026-05-23 16:20:00,@user_5257,4640,The frontline staff handling requests apologized profusely for the confusion which cleared up my primary concerns.
2026-05-23 18:14:00,@user_5067,6562,The tracking status confirmation update indicated a minor delay in transit meaning it got here right on time.
2026-05-24 15:03:00,@user_2720,8740,The frontline staff handling requests walked me through the setup step-by-step and resolved the issue right then and there.
2026-05-24 11:32:00,@user_5990,3394,The tracking status confirmation update showed zero physical movement for three days which completely disrupted my schedule.
2026-05-24 19:39:00,@user_5267,4770,The stock levels displayed in the database omitted critical product measurements leaving me completely unsure of what was ready.
2026-05-24 13:39:00,@user_6423,8338,The digital invoice generator operated exactly as it routinely does so I had to wait and try again later.
2026-05-24 09:51:00,@user_6363,8247,The tracking status confirmation update routed the parcel to the wrong sorting facility which completely disrupted my schedule.
2026-05-24 14:49:00,@user_2966,6569,The physical display in the main section listed standard pricing without the discount making the selection process highly efficient.
2026-05-24 08:44:00,@user_9434,1244,The support team lead apologized profusely for the confusion leaving no room for further complaints.
2026-05-25 13:35:00,@user_6590,1870,The user account dashboard operated exactly as it routinely does which is typical for this application framework.
2026-05-25 14:31:00,@user_3440,4889,The frontline staff handling requests apologized profusely for the confusion which was quite unexpected.
2026-05-25 13:33:00,@user_1081,3581,The fulfillment center dispatch timetable indicated a minor delay in transit which completely disrupted my schedule.
2026-05-26 20:48:00,@user_5298,3248,The team member at the service desk seemed completely distracted by their phone and left me feeling completely confused.
2026-05-26 16:17:00,@user_3686,8807,The digital invoice generator loaded cleanly on the very first try without causing any further delays.
2026-05-26 14:30:00,@user_8262,1990,The protective cardboard packing layout arrived securely sealed and perfectly intact and arrived safely on my doorstep.
2026-05-26 14:47:00,@user_2517,8515,The representative on the phone addressed the account inquiry directly and resolved the issue right then and there.
2026-05-27 08:02:00,@user_7392,3955,The fulfillment center dispatch timetable routed the parcel to the wrong sorting facility meaning it got here right on time.
2026-05-27 11:33:00,@user_3210,3629,The representative on the phone provided completely contradictory information which was quite unexpected.
2026-05-27 15:20:00,@user_5348,8230,The tracking status confirmation update followed the exact standard shipping path and arrived safely on my doorstep.
2026-05-27 15:02:00,@user_1998,2381,The stock levels displayed in the database showed items that were long sold out leaving me completely unsure of what was ready.
2026-05-27 18:27:00,@user_2485,3662,The item variations dropdown menu listed standard pricing without the discount leaving me completely unsure of what was ready.
2026-05-28 16:55:00,@user_8500,4751,The representative on the phone apologized profusely for the confusion and resolved the issue right then and there.
2026-05-28 13:37:00,@user_6328,5651,The digital invoice generator sent the verification code instantly which forced me to close out the window.
2026-05-28 19:16:00,@user_5140,1618,The physical display in the main section showed items that were long sold out making the selection process highly efficient.
2026-05-28 15:29:00,@user_8609,8726,The automated chat assistant operated exactly as it routinely does without causing any further delays.
2026-05-29 14:27:00,@user_1152,7063,The fulfillment center dispatch timetable showed zero physical movement for three days forcing me to file a missing package claim.
2026-05-30 11:17:00,@user_9719,1792,The team member at the service desk walked me through the setup step-by-step which cleared up my primary concerns.
2026-05-30 12:43:00,@user_9626,9307,The user account dashboard operated exactly as it routinely does leading to a completely frictionless experience.
2026-05-30 12:27:00,@user_1973,8091,The stock levels displayed in the database listed standard pricing without the discount giving a standard baseline of what was left.
2026-05-30 09:56:00,@user_1493,6728,The mobile app login screen sent the verification code instantly which is typical for this application framework.
2026-05-30 14:45:00,@user_7976,8921,The digital invoice generator loaded cleanly on the very first try which forced me to close out the window.
2026-05-30 19:42:00,@user_3523,5298,The fulfillment center dispatch timetable shipped out ahead of the projected window which completely disrupted my schedule.
2026-05-30 09:33:00,@user_5272,8938,The protective cardboard packing layout arrived securely sealed and perfectly intact meaning it got here right on time.
